{"class_names": ["0", "1"], "step_names": ["one_hot", "ordinal", "imputer", "classifier"], "best_score": 0.7977346597064907, "best_params": {"classifier__min_samples_leaf": 0.02, "imputer__strategy": "mean"}, "training_score": 0.8300561797752809, "validation_score": 0.8715083798882681, "feature_importances": {"gender_female": 0.0, "marital_status": 0.049308861828696766, "age_yrs": 0.054800909123677764, "ticket_class": 0.15194955138582175, "fare_usd": 0.16728049300734008, "gender_male": 0.5766601846544637}}