{"pipeline_steps": ["one_hot", "ordinal", "imputer", "scaler", "classifier"], "best_score": 0.7879149019994091, "best_params": {"classifier__max_depth": 3, "classifier__min_samples_leaf": 0.02, "imputer__strategy": "mean"}, "training_score": 0.8047752808988764, "validation_score": 0.8547486033519553, "encoded_feature_importances": {"gender_male": 0.6627314369216286, "ticket_class": 0.17462926556974498, "fare_usd": 0.10597068448086315, "marital_status": 0.05666861302776317, "age_yrs": 0.0, "gender_female": 0.0}}